{
    "cfb8453e-7123-470d-bfca-d3e69f7b6f2f": {
        "cur_loc": [
            0.9532569020601402,
            0.20155799701250954
        ],
        "status": 0
    },
    "3a710cea-6245-4660-bbe3-26dad711dc03": {
        "cur_loc": [
            0.9496548462112733,
            0.6954423637547055
        ],
        "status": 0
    },
    "7cf1f539-a6e4-4298-830e-3fa0b89eb434": {
        "cur_loc": [
            0.5113096288180426,
            0.025201082950601417
        ],
        "status": 0
    },
    "228f2326-326c-4087-8c8e-0ac2033d80b8": {
        "cur_loc": [
            0.04164985729813364,
            0.13591127889015808
        ],
        "status": 0
    },
    "c7b0ae45-1a68-4ea0-a207-1733824e0c14": {
        "cur_loc": [
            0.27720594534511445,
            0.9660779121619063
        ],
        "status": 0
    },
    "0d075bc3-4170-47a0-8942-e85d05ede005": {
        "cur_loc": [
            0.602741938110795,
            0.6395948378561724
        ],
        "status": 0
    },
    "d5f74620-f501-4b46-96fa-40b01b1c8141": {
        "cur_loc": [
            0.01622126356030773,
            0.4701297154023658
        ],
        "status": 0
    },
    "7ca0665f-41dc-4e54-9d80-8281f3885cd9": {
        "cur_loc": [
            0.5216513988500022,
            0.7971603685257085
        ],
        "status": 0
    },
    "8cddb2cd-9ce3-4039-9ec1-e3b3c0d8fe70": {
        "cur_loc": [
            0.4344706245991904,
            0.8641640278996242
        ],
        "status": 0
    },
    "2ee1697e-50bc-4937-905d-c79d1e5c5e11": {
        "cur_loc": [
            0.1034105638278745,
            0.6898570022696963
        ],
        "status": 0
    },
    "5b7b0b3d-e193-40a1-9b51-4c4d0631201e": {
        "cur_loc": [
            0.1699418487185813,
            0.20751391129620445
        ],
        "status": 0
    },
    "12d2735d-1cfe-4cd2-8e6c-f1391d79697f": {
        "cur_loc": [
            0.08017729355981129,
            0.15368457536155156
        ],
        "status": 0
    },
    "69113e06-108b-42b6-955b-64c5fb4ebb69": {
        "cur_loc": [
            0.14269422722234215,
            0.29255146329210546
        ],
        "status": 0
    },
    "0d028772-09aa-4ff0-affa-81db70c1371d": {
        "cur_loc": [
            0.4753640448005432,
            0.9966722230881543
        ],
        "status": 0
    },
    "45498075-4554-4c67-a66e-072e2151be0c": {
        "cur_loc": [
            0.4523143827235363,
            0.8053076455302073
        ],
        "status": 0
    },
    "5aca4e41-29bf-492e-8dcd-6267049e5b27": {
        "cur_loc": [
            0.42353747684792775,
            0.7685791185424453
        ],
        "status": 0
    },
    "115022b8-ea26-482d-bc0a-16db318f8379": {
        "cur_loc": [
            0.8235283855101998,
            0.07768537550629462
        ],
        "status": 0
    },
    "e28565ce-38db-4aad-bfee-2200f2fdaf84": {
        "cur_loc": [
            0.44004744253591244,
            0.8073861371695381
        ],
        "status": 0
    },
    "cf66e0f4-b88e-4fe7-95b4-c36a9ac0585e": {
        "cur_loc": [
            0.14948964015111998,
            0.2498670588288181
        ],
        "status": 0
    },
    "f8dc27f1-0678-4196-addc-5c46fca6938c": {
        "cur_loc": [
            0.42778342635419575,
            0.9840086763346404
        ],
        "status": 0
    },
    "27a45bff-7836-4752-b678-f21891ff0131": {
        "cur_loc": [
            0.3360288487020613,
            0.97795816335067
        ],
        "status": 0
    },
    "1cf77281-c300-41c2-8e4f-455dc35f26ef": {
        "cur_loc": [
            0.22326810176446266,
            0.03954060595220654
        ],
        "status": 0
    },
    "9a88c1a8-cba6-4562-b275-3a2f105bf37a": {
        "cur_loc": [
            0.40368430461134996,
            0.971174622906865
        ],
        "status": 0
    },
    "2d160211-8f4a-4ab8-8f10-c577ec4373fc": {
        "cur_loc": [
            0.22322555482201634,
            0.015754256996631355
        ],
        "status": 0
    },
    "6064be95-12f8-44ee-b3e4-98f84f6d8d20": {
        "cur_loc": [
            0.6190285626563128,
            0.8074619828408443
        ],
        "status": 0
    },
    "4dd22cb7-06a9-4fc1-80d2-6bbc2b8496c6": {
        "cur_loc": [
            0.31959862702640385,
            0.9524522871867337
        ],
        "status": 0
    },
    "a2100382-cf6d-4137-b38e-34006b439d0d": {
        "cur_loc": [
            0.9852666592108728,
            0.2461373748487552
        ],
        "status": 0
    },
    "8046a045-681b-4f47-9044-73a4ea9bb4f4": {
        "cur_loc": [
            0.5678466835035921,
            0.9744596895963334
        ],
        "status": 0
    },
    "c2089751-740d-46db-8d2a-d81cbfe6082a": {
        "cur_loc": [
            0.5909683067620886,
            0.8477609938334282
        ],
        "status": 0
    },
    "93f92b8f-38e2-4b42-87ac-48afb79a4d28": {
        "cur_loc": [
            0.48754739193807517,
            0.787810475378421
        ],
        "status": 0
    },
    "df207551-77ce-4af6-91c8-dfc7ac25aebe": {
        "cur_loc": [
            0.10814065562667563,
            0.1455621074067176
        ],
        "status": 0
    },
    "bd29f782-3240-415c-9100-5ceafabde40a": {
        "cur_loc": [
            0.6652921058548296,
            0.8545747636802024
        ],
        "status": 0
    },
    "35b21727-c49b-4f34-8a27-dbc6d3731506": {
        "cur_loc": [
            0.6029378277538948,
            0.32059585803595814
        ],
        "status": 0
    },
    "09ce907a-fdd6-4464-9538-f134487160a0": {
        "cur_loc": [
            0.5761122000466085,
            0.8212651830851848
        ],
        "status": 0
    },
    "a828c1ec-61d3-4a59-9417-8d6f1043e144": {
        "cur_loc": [
            0.23326018711657948,
            0.07324704127884862
        ],
        "status": 0
    },
    "b80f1ac2-b240-4462-87e2-53a8df0c03ee": {
        "cur_loc": [
            0.9008877991479951,
            0.25103249614456136
        ],
        "status": 0
    },
    "7757de51-b86d-4b23-9bac-98ffa5c285a8": {
        "cur_loc": [
            0.37239282319185485,
            0.3244660659929618
        ],
        "status": 0
    },
    "8e7b602f-2ca2-4261-bf57-e3cb3e082f91": {
        "cur_loc": [
            0.4839255236111165,
            0.8676156033443552
        ],
        "status": 0
    },
    "e0b4a5c6-5852-4509-beea-1ea2465608b6": {
        "cur_loc": [
            0.993981170359876,
            0.4063535047352439
        ],
        "status": 0
    },
    "3388fc42-2f1d-4e4d-b6ee-312d8c0b85a1": {
        "cur_loc": [
            0.2149921890548745,
            0.18945042168196058
        ],
        "status": 0
    },
    "657a4886-5670-40ff-b673-29acf5e3253e": {
        "cur_loc": [
            0.1333095359008203,
            0.7603317670198751
        ],
        "status": 0
    },
    "ac415233-b059-42e8-8985-34051a4b9cf4": {
        "cur_loc": [
            0.8269699898581168,
            0.05194286821862992
        ],
        "status": 0
    },
    "318ba5e6-8372-4cbe-b7e0-4e4ae3d3dd1c": {
        "cur_loc": [
            0.5928038688660797,
            0.8466826871136889
        ],
        "status": 0
    },
    "9e4f164d-2189-464e-a045-c482dd07ebd5": {
        "cur_loc": [
            0.3173624177653681,
            0.1851312518633662
        ],
        "status": 0
    },
    "2dc349e5-0a20-43f7-b084-bb6453a2221f": {
        "cur_loc": [
            0.5831681751241864,
            0.9661069574460045
        ],
        "status": 0
    },
    "0c5cff15-6e28-40c5-a2c8-e29adf998b49": {
        "cur_loc": [
            0.11725897361702442,
            0.25352897609385305
        ],
        "status": 0
    },
    "c3047c2e-5d6f-46ae-bebf-86c569d47474": {
        "cur_loc": [
            0.20080813265568243,
            0.9190629155515035
        ],
        "status": 0
    },