{
    "c765b5fe-5c98-469b-9452-0742db14f6f6": {
        "cur_loc": [
            0.9208720622245079,
            0.12659051159443835
        ],
        "status": 0
    },
    "1192e245-d752-4bee-b98d-133c6585c65e": {
        "cur_loc": [
            0.5219634704360696,
            0.36930836087173813
        ],
        "status": 0
    },
    "e4597679-c138-4ee6-ad23-e3b6dae177dc": {
        "cur_loc": [
            0.3562304692765723,
            0.5754003530405875
        ],
        "status": 0
    },
    "b1a44dac-cca3-4de7-99ea-7d5d7762cb28": {
        "cur_loc": [
            0.22759647271347339,
            0.07176147967555946
        ],
        "status": 0
    },
    "1b0a7f34-4247-4022-81ca-4dd4a3975bf6": {
        "cur_loc": [
            0.5840096049110739,
            0.7280019701803555
        ],
        "status": 0
    },
    "580d9dc4-0a4e-422d-b12a-e39e59d8b73b": {
        "cur_loc": [
            0.03821920894384223,
            0.21177991807476304
        ],
        "status": 0
    },
    "748d1f37-3cd3-4a2e-9706-8ee696eb8bb7": {
        "cur_loc": [
            0.180316630418478,
            0.07623489597970012
        ],
        "status": 0
    },
    "988e3f4d-3fa3-4a0e-aeb3-31fbefe70dea": {
        "cur_loc": [
            0.7038797590386756,
            0.0656176651180923
        ],
        "status": 0
    },
    "ed7d6746-afc6-4566-a079-f225ccba552b": {
        "cur_loc": [
            0.973771282702969,
            0.3879037535305364
        ],
        "status": 0
    },
    "bf6cf577-c0c9-4b08-9db0-cb137fa0da04": {
        "cur_loc": [
            0.2071425693458896,
            0.18079792060742073
        ],
        "status": 0
    },
    "8ec95d07-b476-4c4e-8964-610715d36ed2": {
        "cur_loc": [
            0.4392562773128412,
            0.8710852990123147
        ],
        "status": 0
    },
    "ac38f320-458d-4869-b308-389bf0b1c6c9": {
        "cur_loc": [
            0.5632017024857935,
            0.8647941356002347
        ],
        "status": 0
    },
    "41363894-e724-4cbe-8e37-6626fcb0dac8": {
        "cur_loc": [
            0.7916743998108715,
            0.5702836643423824
        ],
        "status": 0
    },
    "b5f961a5-cb9a-4cc6-a2c5-e7f00a971568": {
        "cur_loc": [
            0.15694388949520433,
            0.26673924782247227
        ],
        "status": 0
    },
    "8ee7731b-4526-471e-be86-debf9ca30e7a": {
        "cur_loc": [
            0.3447697930443431,
            0.8202594451665063
        ],
        "status": 0
    },
    "72eba604-a601-463d-83d4-b89f1cac7c8c": {
        "cur_loc": [
            0.20183074719200222,
            0.011524125119809936
        ],
        "status": 0
    },
    "10ee6941-3984-4f85-86e6-69729066242c": {
        "cur_loc": [
            0.6970655211184584,
            0.9471717643479362
        ],
        "status": 0
    },
    "f753970d-09d7-4c52-970a-5f7f25ad7b13": {
        "cur_loc": [
            0.8431989078337422,
            0.8086680065889171
        ],
        "status": 0
    },
    "2866ff83-7d85-4f48-b7bd-fbf1686b0a61": {
        "cur_loc": [
            0.06739660981340279,
            0.3390372933078766
        ],
        "status": 0
    },
    "7e618f04-8ce9-4006-bba7-c75c63433bc5": {
        "cur_loc": [
            0.35239645503748984,
            0.8760948526412985
        ],
        "status": 0
    },
    "46add698-56e1-4f1d-b10d-6fe364b656da": {
        "cur_loc": [
            0.09669653856337002,
            0.2513454962396695
        ],
        "status": 0
    },
    "fd3cb838-cb96-465a-a2c8-7faf164e8877": {
        "cur_loc": [
            0.6701696955713545,
            0.2335136459472481
        ],
        "status": 0
    },
    "b7efb8c9-863d-420c-a8ea-02b67b803a08": {
        "cur_loc": [
            0.6147612345878626,
            0.8242781328947738
        ],
        "status": 0
    },
    "f0cc1a00-bb0a-45b9-a434-8245333f9d22": {
        "cur_loc": [
            0.37785102864497966,
            0.8366441221182762
        ],
        "status": 0
    },
    "5a3cae5a-b7df-4242-867c-59cc75cadc88": {
        "cur_loc": [
            0.20593850706903638,
            0.8748138925918825
        ],
        "status": 0
    },
    "df1ddcf6-610d-4f34-a3eb-17d2f19de459": {
        "cur_loc": [
            0.8835681821759518,
            0.8925712425546829
        ],
        "status": 0
    },
    "910711d1-4b52-4b27-ab8e-cf56beb24493": {
        "cur_loc": [
            0.026065104717232557,
            0.18188140232258576
        ],
        "status": 0
    },
    "8cd1541a-d00d-40c0-b9e4-31901f6b186a": {
        "cur_loc": [
            0.39786459151135944,
            0.983481232269575
        ],
        "status": 0
    },
    "37b2d5b7-31e6-4eb5-bea1-bfcd0f57b2f9": {
        "cur_loc": [
            0.8989347998954824,
            0.08242051863990907
        ],
        "status": 0
    },
    "edef1d6e-9326-4f19-aa3a-7751ce51ac3c": {
        "cur_loc": [
            0.40284789623543094,
            0.47603123497791344
        ],
        "status": 0
    },
    "f40fcccf-119f-48fa-8161-ae0c996b4315": {
        "cur_loc": [
            0.3700653285298279,
            0.6722690878225076
        ],
        "status": 0
    },
    "fa9227ed-70b2-44e0-acdb-31dbcea911b1": {
        "cur_loc": [
            0.775002063600528,
            0.05009475388075302
        ],
        "status": 0
    },
    "aa010f09-b981-4908-8bcf-ddea23168a56": {
        "cur_loc": [
            0.6336328635635419,
            0.9364499836017178
        ],
        "status": 0
    },
    "061d7c62-fdf2-40d5-8470-ee097e1c7884": {
        "cur_loc": [
            0.12142592556864096,
            0.12062655446885184
        ],
        "status": 0
    },
    "1b4ea1f4-f7e0-4b62-939f-60a8dd75dfba": {
        "cur_loc": [
            0.47155360617868325,
            0.5651395329767991
        ],
        "status": 0
    },
    "b3aed484-3f68-4ee1-8f86-b770bd5aaed3": {
        "cur_loc": [
            0.1820613576667519,
            0.20272157006192248
        ],
        "status": 0
    },
    "9c112d23-8e55-49e5-ac47-3be51116ea1d": {
        "cur_loc": [
            0.6779967048004553,
            0.9091936486703128
        ],
        "status": 0
    },
    "f275c0f5-8be8-4f09-82ba-58deb9f35e21": {
        "cur_loc": [
            0.43837011256977776,
            0.7840253026116487
        ],
        "status": 0
    },
    "eeabdfe7-6995-49fa-9e62-e212c34bb0ae": {
        "cur_loc": [
            0.5147808395245488,
            0.6680968748073942
        ],
        "status": 0
    },
    "94457466-d274-40c9-86f8-fbc36591f550": {
        "cur_loc": [
            0.6180646309807343,
            0.7930918389633312
        ],
        "status": 0
    },
    "5ec4db71-3f48-48fd-b3bf-720112cdf47d": {
        "cur_loc": [
            0.7101814966275766,
            0.9665369622248285
        ],
        "status": 0
    },
    "3c8671b5-af7b-4d6b-b0fe-aba51698a1fc": {
        "cur_loc": [
            0.4857800154695169,
            0.9140737193568265
        ],
        "status": 0
    },
    "489ecbde-e24b-42fe-9416-db485e6a6e86": {
        "cur_loc": [
            0.685567876655925,
            0.8746208444443387
        ],
        "status": 0
    },
    "caacf504-6a9c-4796-a03f-88a123e36413": {
        "cur_loc": [
            0.7141722152495626,
            0.6908814896823349
        ],
        "status": 0
    },
    "3fab8014-7f99-44ba-870f-202e7986c978": {
        "cur_loc": [
            0.21708604083340333,
            0.09703694463272894
        ],
        "status": 0
    },
    "2f510d73-8f77-43c5-95ed-6d650bf0e2ec": {
        "cur_loc": [
            0.9224932005354135,
            0.12988977984710248
        ],
        "status": 0
    },
    "93c7e23d-6cea-4cc9-a0f7-bf650bdaa563": {
        "cur_loc": [
            0.26831197963059805,
            0.6108441010781926
        ],
        "status": 0
    },