{
    "3067bb59-f751-4a9f-b601-891e5f05b8e7": {
        "cur_loc": [
            0.515744095848619,
            0.5424188692858848
        ],
        "status": 0
    },
    "8685a276-2afa-4788-b9ca-1d7beeda0b9b": {
        "cur_loc": [
            0.6149644606740375,
            0.8356597672638101
        ],
        "status": 0
    },
    "49128e51-02c1-423b-a7e8-7fc00238695b": {
        "cur_loc": [
            0.7796220586833681,
            0.7692123646636223
        ],
        "status": 0
    },
    "839754aa-caf0-40a4-9558-48f5b5443260": {
        "cur_loc": [
            0.5336718547180221,
            0.8125524081192899
        ],
        "status": 0
    },
    "0af8ff38-1377-49f0-8aaa-d3f036f441f8": {
        "cur_loc": [
            0.2289002102698635,
            0.1807491429334095
        ],
        "status": 0
    },
    "b3a87c49-b6d3-400e-9492-872eb28dc52c": {
        "cur_loc": [
            0.03620314599686325,
            0.9544438841180476
        ],
        "status": 0
    },
    "07736425-bd79-4dfd-8d2f-77a325ee21e0": {
        "cur_loc": [
            0.8283417529539533,
            0.2351159431451214
        ],
        "status": 0
    },
    "3f2f7bf9-ac5e-4b33-a84e-becfe92fa0d8": {
        "cur_loc": [
            0.33576871702442423,
            0.8860173498728512
        ],
        "status": 0
    },
    "5b0629bf-3c59-4dcc-8f59-ef8225c66686": {
        "cur_loc": [
            0.986848753508415,
            0.5127799533552441
        ],
        "status": 0
    },
    "de4dc84e-4ebd-490d-b158-75545f73e557": {
        "cur_loc": [
            0.10664850991485875,
            0.7303035402776923
        ],
        "status": 0
    },
    "eee41816-4ab3-4b69-9507-170804af47b5": {
        "cur_loc": [
            0.8869951800223307,
            0.8134188549816695
        ],
        "status": 0
    },
    "97661c5d-61bd-41ca-9c5a-21d5d91f1b17": {
        "cur_loc": [
            0.6134193250913368,
            0.800178390467158
        ],
        "status": 0
    },
    "a31c1e7f-1fdf-438d-92ab-c6be58fb327c": {
        "cur_loc": [
            0.8975046452906683,
            0.18049662726472937
        ],
        "status": 0
    },
    "6a2151f6-dc8d-4ba5-ada2-da892865467c": {
        "cur_loc": [
            0.5717128265230063,
            0.8315147358906562
        ],
        "status": 0
    },
    "7780bf94-58e5-47ba-99ba-207e764f689b": {
        "cur_loc": [
            0.3649106703281799,
            0.8715509728710785
        ],
        "status": 0
    },
    "d391c567-3e9e-4fc4-b23e-78e1e7e98575": {
        "cur_loc": [
            0.020081076798302178,
            0.17983886573081398
        ],
        "status": 0
    },
    "d411e986-4729-4839-9868-71370b502d1d": {
        "cur_loc": [
            0.3512409700620507,
            0.03717610803080307
        ],
        "status": 0
    },
    "3b300dd7-da32-4f26-952f-a52ed8fe2ac1": {
        "cur_loc": [
            0.18295376951012365,
            0.035666534365711544
        ],
        "status": 0
    },
    "eac19537-29e0-4517-af5c-91a57c4d13fb": {
        "cur_loc": [
            0.11187448478583162,
            0.1860693527230548
        ],
        "status": 0
    },
    "731d6cf9-555e-42d1-81f1-46bffed9722a": {
        "cur_loc": [
            0.08120483395760625,
            0.6613517439645438
        ],
        "status": 0
    },
    "26dfd4f9-8703-43f2-9cf4-abdd50aadf8f": {
        "cur_loc": [
            0.5478105534879816,
            0.3494359764346422
        ],
        "status": 0
    },
    "59bede61-6767-4bae-92c8-7060a32a70d0": {
        "cur_loc": [
            0.2913844388296646,
            0.6289836321172799
        ],
        "status": 0
    },
    "b25b31e4-d55f-4b6f-81c4-ee044ab9cdb7": {
        "cur_loc": [
            0.20872674361562016,
            0.23921703662448768
        ],
        "status": 0
    },
    "0718ea05-3eb2-40fb-bee2-de2b7934a2b0": {
        "cur_loc": [
            0.34629468859056567,
            0.16197023849692627
        ],
        "status": 0
    },
    "7ff8b7a1-fc51-491a-966a-3fe65d5641a5": {
        "cur_loc": [
            0.06930685464671604,
            0.18544603277699812
        ],
        "status": 0
    },
    "306e3431-a79a-43bb-a98d-34b8a61325b9": {
        "cur_loc": [
            0.7741090161666269,
            0.025716073632180314
        ],
        "status": 0
    },
    "0e7f867c-898b-40d9-9209-62910a2816fb": {
        "cur_loc": [
            0.9092223825374477,
            0.07577584349607469
        ],
        "status": 0
    },
    "d37782a4-6980-4439-8a76-bacbe3c64fac": {
        "cur_loc": [
            0.24151752421234685,
            0.66543498023387
        ],
        "status": 0
    },
    "18b4be89-b3ea-4bc4-a4e5-a756239f0b57": {
        "cur_loc": [
            0.0657770605267497,
            0.3941319969416801
        ],
        "status": 0
    },
    "edaf3f39-c115-4138-a46f-db694cf8121c": {
        "cur_loc": [
            0.586927064475043,
            0.28990055115717206
        ],
        "status": 0
    },
    "5a787d61-95d2-465c-a869-02e51fd4d863": {
        "cur_loc": [
            0.954220769308656,
            0.6251916432063979
        ],
        "status": 0
    },
    "5ecc60ee-fe95-44c0-a078-e9eff57abdc8": {
        "cur_loc": [
            0.31485683677382903,
            0.5963852734622928
        ],
        "status": 0
    },
    "ad808cb1-dfde-4051-a3ca-04ccb8df6921": {
        "cur_loc": [
            0.14241113866178767,
            0.28221712781406116
        ],
        "status": 0
    },
    "4ae23ab7-d21b-4308-b54c-08295ca4ec9a": {
        "cur_loc": [
            0.38338569683907286,
            0.07566318380659798
        ],
        "status": 0
    },
    "ba0fb42a-a36c-463b-98c1-d73f52ddfdbf": {
        "cur_loc": [
            0.2040423556999701,
            0.25299389416303186
        ],
        "status": 0
    },
    "3a94276a-77c0-4317-9daa-72af0a70e86b": {
        "cur_loc": [
            0.5006767626618994,
            0.9761037233622042
        ],
        "status": 0
    },
    "c89aa5fc-a455-4bc1-b1bb-32d5279ec89e": {
        "cur_loc": [
            0.5680389453078708,
            0.13187726605948757
        ],
        "status": 0
    },
    "b1b4502a-6c8a-402e-9d4b-7595fdf395ec": {
        "cur_loc": [
            0.5488186069527111,
            0.8541475631587565
        ],
        "status": 0
    },
    "5de3fd0a-e338-49ba-8bc6-ed50125914c0": {
        "cur_loc": [
            0.6148460156395983,
            0.7695844821721349
        ],
        "status": 0
    },
    "cff2287d-c966-45fe-acd3-ea48d097db1e": {
        "cur_loc": [
            0.4384657999644074,
            0.05699596346473723
        ],
        "status": 0
    },
    "4fb035f5-5a80-4f39-9bbf-4a1da0529a60": {
        "cur_loc": [
            0.9071515512026197,
            0.08671904666352004
        ],
        "status": 0
    },
    "65e20dda-e528-4468-afb5-2cbb693f7c46": {
        "cur_loc": [
            0.3376342616827871,
            0.8327716673850701
        ],
        "status": 0
    },
    "c7c3b47b-6897-4c3c-96bf-5d02301836b3": {
        "cur_loc": [
            0.16017801785033847,
            0.34315204081498896
        ],
        "status": 0
    },
    "ab6da459-9245-4527-ba8e-b15d6f34346f": {
        "cur_loc": [
            0.21436901648054074,
            0.25290765285688244
        ],
        "status": 0
    },
    "bd9246c8-f9fe-4e9f-a32f-879c5f3d157c": {
        "cur_loc": [
            0.5278416891447093,
            0.6497451973625642
        ],
        "status": 0
    },
    "ed4b8196-5b01-41b2-9663-3f475c72b231": {
        "cur_loc": [
            0.38941772582337786,
            0.9935330711236737
        ],
        "status": 0
    },
    "1a44feea-f00c-48ad-92e5-085cc3b7d294": {
        "cur_loc": [
            0.6780092900595523,
            0.8925877582803962
        ],
        "status": 0
    },