{
    "e25ab1e9-7886-440f-9645-114a09c87907": {
        "cur_loc": [
            0.26848293665352185,
            0.165545459862653
        ],
        "status": 0
    },
    "337f068e-0700-4d4e-b353-fc1f16b87886": {
        "cur_loc": [
            0.898372937584564,
            0.11494995254756957
        ],
        "status": 0
    },
    "030034b0-7061-4848-9756-5dfc95925061": {
        "cur_loc": [
            0.30203976549160916,
            0.3409509790151305
        ],
        "status": 0
    },
    "e9ffe9fc-f1da-48cd-9985-9570dbf9c49b": {
        "cur_loc": [
            0.8702558175272621,
            0.38415027247893707
        ],
        "status": 0
    },
    "18c279dc-00d0-4e5f-8301-e6c4b9e4900f": {
        "cur_loc": [
            0.8606054107541821,
            0.1655493469310052
        ],
        "status": 0
    },
    "1bff2622-8304-47c0-9576-9c1bbca5bf57": {
        "cur_loc": [
            0.8861112100958842,
            0.9782459155399287
        ],
        "status": 0
    },
    "5ec941b7-61b2-49bb-8007-e949b09cf912": {
        "cur_loc": [
            0.30902462088039095,
            0.7085518004342637
        ],
        "status": 0
    },
    "41394c17-6896-4921-8585-bb2d4094b668": {
        "cur_loc": [
            0.13417707868701956,
            0.2161341022150821
        ],
        "status": 0
    },
    "da81dcff-85e2-44f5-838d-2c51c37cf894": {
        "cur_loc": [
            0.02160136649149591,
            0.14560462857745682
        ],
        "status": 0
    },
    "c841fb25-b051-4d8f-8a08-14a654f6adcc": {
        "cur_loc": [
            0.22249520989269012,
            0.06691508932978796
        ],
        "status": 0
    },
    "353602a1-94b0-4dfc-95c9-f4fd1726ee2b": {
        "cur_loc": [
            0.13243586867367385,
            0.24765075779097956
        ],
        "status": 0
    },
    "9fff444e-b805-44c4-8234-1b78c17000dc": {
        "cur_loc": [
            0.9230269890385729,
            0.07500272562186361
        ],
        "status": 0
    },
    "e0488032-b0a9-4e66-b703-6e64eff7f744": {
        "cur_loc": [
            0.08357264461692471,
            0.28661230527592907
        ],
        "status": 0
    },
    "3243787a-5fbd-42b5-a194-9fd407de658d": {
        "cur_loc": [
            0.5884636765682827,
            0.7872063954840886
        ],
        "status": 0
    },
    "b2333231-6c3f-4623-91d8-8f0ef716444c": {
        "cur_loc": [
            0.24956846631918017,
            0.7558996526769781
        ],
        "status": 0
    },
    "f214f528-2900-4baa-9f98-9979e6e140bc": {
        "cur_loc": [
            0.5230340420272893,
            0.13680608479265488
        ],
        "status": 0
    },
    "da602292-b6c8-400f-8d6e-a99443158aca": {
        "cur_loc": [
            0.15547326769806002,
            0.05868186318732571
        ],
        "status": 0
    },
    "a1b05d22-1d66-4aab-8c4d-1d5d9c81f06b": {
        "cur_loc": [
            0.22340558103822805,
            0.14647174011411468
        ],
        "status": 0
    },
    "7bfbf96e-6e32-40b8-af5e-babfb6e8d5b7": {
        "cur_loc": [
            0.6802516252790043,
            0.9171561260414004
        ],
        "status": 0
    },
    "e47a06bc-5053-41a9-9718-bfab18e21328": {
        "cur_loc": [
            0.9869612959350443,
            0.07240014060686184
        ],
        "status": 0
    },
    "23abde97-434e-4dc2-8931-90d8a9bd5b23": {
        "cur_loc": [
            0.5775406160427516,
            0.9231471731760666
        ],
        "status": 0
    },
    "3c7ac8bc-38b2-4ea0-a6eb-ddd31786e93c": {
        "cur_loc": [
            0.47493641631496086,
            0.935357391726375
        ],
        "status": 0
    },
    "8c8096b4-1b6a-4ce2-b6a5-6491cd2e55ce": {
        "cur_loc": [
            0.11504857277632496,
            0.1853443894925232
        ],
        "status": 0
    },
    "439511d7-793e-4ac6-8318-4c9736cb754f": {
        "cur_loc": [
            0.5359419009216051,
            0.7374520817263955
        ],
        "status": 0
    },
    "4edf1665-6463-49bb-9f94-a0e4e4838b80": {
        "cur_loc": [
            0.530246610112181,
            0.9821130978271944
        ],
        "status": 0
    },
    "b4df9062-fe90-4bfc-aea4-cd8ec864c0fd": {
        "cur_loc": [
            0.6646555059160737,
            0.9770488057759625
        ],
        "status": 0
    },
    "528c1f3f-6fb0-42d2-96a2-ef7bad33ed2c": {
        "cur_loc": [
            0.47393593736664186,
            0.5015938490771644
        ],
        "status": 0
    },
    "34ae88b0-b47f-4b10-bf53-ef4648ebb325": {
        "cur_loc": [
            0.40816536404927717,
            0.9164140659343997
        ],
        "status": 0
    },
    "31de67d7-2925-4f7f-a9e4-83850d983a3c": {
        "cur_loc": [
            0.500577486124564,
            0.3505924777848973
        ],
        "status": 0
    },
    "82c3fc93-2d9f-47dd-a4f2-4a52600dcc1d": {
        "cur_loc": [
            0.16039750165465694,
            0.02457661447156001
        ],
        "status": 0
    },
    "a0f1dc55-b76e-422b-b0eb-e8d8ee2d8971": {
        "cur_loc": [
            0.8497724068174726,
            0.9344406631343994
        ],
        "status": 0
    },
    "5badb46d-ae43-490d-90d0-ecaae661dc3f": {
        "cur_loc": [
            0.5980221499676932,
            0.7264716664044933
        ],
        "status": 0
    },
    "d7e26dde-f596-4f48-b7ef-538c3385fc6d": {
        "cur_loc": [
            0.5476250485465064,
            0.9992904560847329
        ],
        "status": 0
    },
    "8cafb1a5-6fc2-40b5-a7ca-d7d01f60f8bc": {
        "cur_loc": [
            0.5686885028887156,
            0.4316262080312616
        ],
        "status": 0
    },
    "710c69ff-1cc6-42c5-824f-a20520926f83": {
        "cur_loc": [
            0.2741590664841408,
            0.0404984676715795
        ],
        "status": 0
    },
    "4a4306fc-7f27-4884-bcf8-62361e7e687c": {
        "cur_loc": [
            0.42734235098665063,
            0.980029022826255
        ],
        "status": 0
    },
    "e8a7935e-a92e-47a3-a18b-73a8c76e936f": {
        "cur_loc": [
            0.2543142779950479,
            0.2165797099980824
        ],
        "status": 0
    },
    "5bb93774-babc-4cec-a22f-5048c27dab70": {
        "cur_loc": [
            0.4322791003131137,
            0.30675965198998933
        ],
        "status": 0
    },
    "168d0c74-516f-452e-bf71-4bf52c722f73": {
        "cur_loc": [
            0.8887963747084734,
            0.07739107032752623
        ],
        "status": 0
    },
    "33ca7087-71d8-4241-aaf9-c453cc023f9e": {
        "cur_loc": [
            0.23286840116919139,
            0.03334267798383439
        ],
        "status": 0
    },
    "33e7e725-7af0-4cfb-aee0-424f61edc62d": {
        "cur_loc": [
            0.1437650194938942,
            0.11743563364439724
        ],
        "status": 0
    },
    "7aecf007-cfe4-4a8f-8478-5a5f8722ece6": {
        "cur_loc": [
            0.27871800467680496,
            0.04684637243646039
        ],
        "status": 0
    },
    "e4a1a6a4-e047-47e7-a777-e7141018b3b1": {
        "cur_loc": [
            0.37108520109506693,
            0.782892217272432
        ],
        "status": 0
    },
    "5fe9f232-633d-42a1-97a6-6a0c4178ad4b": {
        "cur_loc": [
            0.6541624285309805,
            0.6861414381552602
        ],
        "status": 0
    },
    "28d42fb9-c091-495f-89a5-4b78e37dbd12": {
        "cur_loc": [
            0.823541279048371,
            0.10896817272728043
        ],
        "status": 0
    },
    "b91f209b-9db3-4f5a-bde6-86776c94f10d": {
        "cur_loc": [
            0.6834173889497281,
            0.537657246447483
        ],
        "status": 0
    },
    "8fccd774-61cc-4d72-a313-751110f42ea7": {
        "cur_loc": [
            0.5940520068173272,
            0.21229190271396658
        ],
        "status": 0
    },