{
    "f3dd5baa-08d2-49a6-af52-b3676324f787": {
        "cur_loc": [
            0.1376301936648623,
            0.2156502290148692
        ],
        "status": 0
    },
    "eaa85ea6-3aa8-4d6b-b62a-246ce3cc3a9d": {
        "cur_loc": [
            0.5560125865320419,
            0.3057101110596594
        ],
        "status": 0
    },
    "5428e1ce-2868-4a34-aa7f-c69bb4259b01": {
        "cur_loc": [
            0.5076639380312441,
            0.8753836986254309
        ],
        "status": 0
    },
    "864098b9-cbc1-43e9-ba86-1423101a53b3": {
        "cur_loc": [
            0.5842896003071879,
            0.9125735650403047
        ],
        "status": 0
    },
    "441667b7-938e-4c98-9c06-13c22a1e0cf9": {
        "cur_loc": [
            0.015473282955823064,
            0.7176974540640837
        ],
        "status": 0
    },
    "d19d4e95-c93e-46e9-9f9b-6b054c4272a5": {
        "cur_loc": [
            0.4638542734747373,
            0.9199987353469051
        ],
        "status": 0
    },
    "f5eb44c4-f855-4de7-8cb7-d89ba75ae8c3": {
        "cur_loc": [
            0.9226167700980716,
            0.5055977869932367
        ],
        "status": 0
    },
    "94620cbd-729f-4f74-a3eb-07b6e9286a8a": {
        "cur_loc": [
            0.36940347422226616,
            0.8595113329911722
        ],
        "status": 0
    },
    "965ae630-9da3-40c6-9dce-067fb9365be6": {
        "cur_loc": [
            0.22654077187606292,
            0.0027988643103017408
        ],
        "status": 0
    },
    "42023c0f-ff7c-4d62-94da-6502104f4b70": {
        "cur_loc": [
            0.8810092278459306,
            0.10581655325848494
        ],
        "status": 0
    },
    "a7ffac0f-7a86-4cd4-ab0d-375a3eb501df": {
        "cur_loc": [
            0.25383517192019267,
            0.0675377874325852
        ],
        "status": 0
    },
    "4762558b-074c-4c72-a433-74e3b8fd8e54": {
        "cur_loc": [
            0.03605420782431534,
            0.06835518698465737
        ],
        "status": 0
    },
    "a42e6a17-2b76-4e88-b953-1f6c18601708": {
        "cur_loc": [
            0.3765832789074246,
            0.8087115815814729
        ],
        "status": 0
    },
    "fb396c50-26ba-4594-95dd-5d813f53c959": {
        "cur_loc": [
            0.6681767406442437,
            0.8179452586112759
        ],
        "status": 0
    },
    "b3b15c25-2ab9-4d3a-ae7e-0a82c56a0e1e": {
        "cur_loc": [
            0.157895819429557,
            0.11780469518014935
        ],
        "status": 0
    },
    "46eaf59a-eff0-4077-b849-4f9545e507b6": {
        "cur_loc": [
            0.5188253283667182,
            0.7773337915241579
        ],
        "status": 0
    },
    "42215728-5b31-4f58-94c2-a19e3c7f5287": {
        "cur_loc": [
            0.8885238074613229,
            0.1420134703706213
        ],
        "status": 0
    },
    "9ee3014e-d8c9-48ad-b060-730aa8e05a28": {
        "cur_loc": [
            0.7935642944594204,
            0.9254950344541392
        ],
        "status": 0
    },
    "39e19596-caf8-4bed-b432-4a5fa15a7fdd": {
        "cur_loc": [
            0.9176146952202262,
            0.0699888975257903
        ],
        "status": 0
    },
    "26d6c5e8-ef6d-4a88-8520-f7d9a8c61115": {
        "cur_loc": [
            0.2882315554990734,
            0.9865584773425848
        ],
        "status": 0
    },
    "355cc1ca-16d6-4351-8021-31594c06b219": {
        "cur_loc": [
            0.4529020890899855,
            0.7072619904277907
        ],
        "status": 0
    },
    "df21bac8-6d4e-4c93-b97c-a7fa8bc9673f": {
        "cur_loc": [
            0.10205295346909693,
            0.8794356656035205
        ],
        "status": 0
    },
    "e77cafbf-11c0-4011-ad7b-dcefb70764cb": {
        "cur_loc": [
            0.21740186201236622,
            0.2616484931719216
        ],
        "status": 0
    },
    "5f1f10d3-77c5-4eda-adf3-8e971070625d": {
        "cur_loc": [
            0.4835616760739955,
            0.926370400417852
        ],
        "status": 0
    },
    "b3a19372-94a9-421f-a948-f647540635b8": {
        "cur_loc": [
            0.46950441865522585,
            0.7070670441221406
        ],
        "status": 0
    },
    "8fc93105-d5c9-45f7-bac6-fcf9aa686b2f": {
        "cur_loc": [
            0.6585082238891142,
            0.7874135314502401
        ],
        "status": 0
    },
    "1294c14a-7fab-4fe0-82f5-da5115fb9fc9": {
        "cur_loc": [
            0.5603217064184058,
            0.8557777195335506
        ],
        "status": 0
    },
    "7f5e8dc0-a216-4342-b3d9-3cb5973c8435": {
        "cur_loc": [
            0.07800805369773911,
            0.28850384994316214
        ],
        "status": 0
    },
    "c0abdb93-02cf-41c9-b5fa-13c3f0e6a362": {
        "cur_loc": [
            0.8861946247786817,
            0.5641449284655358
        ],
        "status": 0
    },
    "74199eba-cf2a-4ed0-8da3-64ca312e77e6": {
        "cur_loc": [
            0.1112278801058455,
            0.01845814217576658
        ],
        "status": 0
    },
    "1636193b-02f6-4e6e-a3db-c828852c4943": {
        "cur_loc": [
            0.5735062066245821,
            0.35405462390647935
        ],
        "status": 0
    },
    "5816a1f7-f27c-452d-b795-f55da33ac8e5": {
        "cur_loc": [
            0.33131190788210785,
            0.7786368091803939
        ],
        "status": 0
    },
    "a2b827cf-379f-4453-9bd6-97eb1cbe29fe": {
        "cur_loc": [
            0.2540103942680767,
            0.8790189913102503
        ],
        "status": 0
    },
    "0b63305e-a464-4b43-b7bb-ea44fb79bc0f": {
        "cur_loc": [
            0.14085249700852565,
            0.2466913692490018
        ],
        "status": 0
    },
    "7e1f2829-572d-4dce-b43a-5e4ac67c2bc6": {
        "cur_loc": [
            0.5214973029629638,
            0.786065080994138
        ],
        "status": 0
    },
    "66d8f052-e89b-422f-b512-5887090a3472": {
        "cur_loc": [
            0.4308493666092279,
            0.9570653264655983
        ],
        "status": 0
    },
    "f80ba20f-6951-42f9-ab92-5e4d314753c5": {
        "cur_loc": [
            0.8597187858351822,
            0.2411590824200145
        ],
        "status": 0
    },
    "be22cd17-4448-46b4-982a-0b5d75ea3b51": {
        "cur_loc": [
            0.6265305387865486,
            0.8880084379641529
        ],
        "status": 0
    },
    "9b598575-6397-413a-9038-0e49771cb8ae": {
        "cur_loc": [
            0.29705326592779013,
            0.0788085843917481
        ],
        "status": 0
    },
    "1d440782-0f4e-4f31-b1dd-234f90958433": {
        "cur_loc": [
            0.4293352666804471,
            0.8275193305661742
        ],
        "status": 0
    },
    "d240184c-5b59-4698-b515-ebbcd217b3c6": {
        "cur_loc": [
            0.38977705728187906,
            0.8353176800068164
        ],
        "status": 0
    },
    "368080a1-3bc8-4705-baf4-6adb16461ee8": {
        "cur_loc": [
            0.7506500528672032,
            0.18220845844456202
        ],
        "status": 0
    },
    "f80dbe00-462b-4a21-8ffd-e8d230ec4460": {
        "cur_loc": [
            0.31948866337025894,
            0.923347690648739
        ],
        "status": 0
    },
    "bc255cab-9d7d-4ca3-b0c7-0de3388f0ec8": {
        "cur_loc": [
            0.053056252376200264,
            0.2800719926176737
        ],
        "status": 0
    },
    "eb646763-47c8-457e-a718-20762808c2e6": {
        "cur_loc": [
            0.24203647535751815,
            0.02088010198191781
        ],
        "status": 0
    },
    "a2d45124-5135-497a-b062-28606795da8c": {
        "cur_loc": [
            0.42941073686138287,
            0.8894986337993006
        ],
        "status": 0
    },
    "cd5bd656-60a2-4a9a-bc7c-e34392b9f58c": {
        "cur_loc": [
            0.9770042856976732,
            0.8024685668972316
        ],
        "status": 0
    },