{
    "56d1687c-fc8a-4f23-ad6f-f209aca0371e": {
        "cur_loc": [
            0.5722897163162333,
            0.9415203188094821
        ],
        "status": 0
    },
    "5628ec40-c739-493a-8e3d-a56593f28611": {
        "cur_loc": [
            0.11943536477311067,
            0.07318887353641257
        ],
        "status": 0
    },
    "1534fc1f-f34f-43a3-b4fe-448a8821ffec": {
        "cur_loc": [
            0.2710062678063161,
            0.18873070895116473
        ],
        "status": 0
    },
    "fb85d0a3-bb57-4dd2-a27f-7b1c081719fc": {
        "cur_loc": [
            0.5926939387267411,
            0.84027655246698
        ],
        "status": 0
    },
    "0d2f65ca-8cc7-4fab-9e9a-bd46b85fc4d0": {
        "cur_loc": [
            0.5869260601125847,
            0.5506320895456116
        ],
        "status": 0
    },
    "3c7ebf98-f396-40d0-8e7e-cc612f3c4291": {
        "cur_loc": [
            0.9311170981128752,
            0.12187113526797755
        ],
        "status": 0
    },
    "773058d4-5d7e-4c3a-abc9-266a91beb174": {
        "cur_loc": [
            0.6304915273449161,
            0.9303697140701958
        ],
        "status": 0
    },
    "464779b4-88c3-41dd-bb53-6c42369e2c53": {
        "cur_loc": [
            0.5321466955084063,
            0.03114580680147705
        ],
        "status": 0
    },
    "09f191ba-181e-450f-a01e-e2c972df3e5f": {
        "cur_loc": [
            0.409672584755045,
            0.7403068164942376
        ],
        "status": 0
    },
    "6ea150f4-6baa-47c0-8d21-57b02f57542d": {
        "cur_loc": [
            0.356857056107568,
            0.9426601302115931
        ],
        "status": 0
    },
    "c0bf4906-3822-42e6-8f5f-14dfbc98050b": {
        "cur_loc": [
            0.9383948954281031,
            0.11708179232559657
        ],
        "status": 0
    },
    "01563b83-de54-4851-93c1-d1f60eca12a4": {
        "cur_loc": [
            0.346252035963312,
            0.9503889224693357
        ],
        "status": 0
    },
    "df48c611-6a74-4168-8b43-65e8b80c4197": {
        "cur_loc": [
            0.2434210796104156,
            0.21771914887184185
        ],
        "status": 0
    },
    "c074aba4-ead9-4c56-92ba-631e73cd2c1c": {
        "cur_loc": [
            0.11446642632888449,
            0.23051073066559713
        ],
        "status": 0
    },
    "a0aeac1d-c4f3-4d2c-a3ec-627c8ac12bcb": {
        "cur_loc": [
            0.38016432331030936,
            0.8773003006257738
        ],
        "status": 0
    },
    "d06d850a-2e83-42c2-9965-6ee1924d3a4d": {
        "cur_loc": [
            0.5075335614746002,
            0.860864989598907
        ],
        "status": 0
    },
    "c63d271d-d464-45e4-a01c-af514108f057": {
        "cur_loc": [
            0.8754774007208949,
            0.9919469416830575
        ],
        "status": 0
    },
    "6507a205-6278-460e-9dcd-3f327ac43eea": {
        "cur_loc": [
            0.5633432306977473,
            0.6075368548945386
        ],
        "status": 0
    },
    "4105581c-4bf3-44b9-a8f1-c6de43f05421": {
        "cur_loc": [
            0.193331686762525,
            0.619686613590812
        ],
        "status": 0
    },
    "c1c434dd-c390-4ce4-ae39-6ff95c5a4af6": {
        "cur_loc": [
            0.26838151702302204,
            0.08297620439434727
        ],
        "status": 0
    },
    "c07f39cb-8d38-40d7-8f08-d6bbbddc59de": {
        "cur_loc": [
            0.2913907559488703,
            0.1408289626392607
        ],
        "status": 0
    },
    "524debb2-d3fc-48a4-990b-2825672bfa8e": {
        "cur_loc": [
            0.8524609419887236,
            0.2595103584652967
        ],
        "status": 0
    },
    "819f59ef-06d2-461d-86c8-24a782871e91": {
        "cur_loc": [
            0.06618541905084807,
            0.15772750294406068
        ],
        "status": 0
    },
    "9c16520b-a99f-475e-921a-64ac57b2886d": {
        "cur_loc": [
            0.1275906360079755,
            0.2100976535262733
        ],
        "status": 0
    },
    "5cecee1b-aa26-4bec-ba72-ff953285b879": {
        "cur_loc": [
            0.5261275029631359,
            0.7863455405858413
        ],
        "status": 0
    },
    "1a7f0b32-007b-46f7-9321-70b6ac39c33a": {
        "cur_loc": [
            0.780042135290501,
            0.036132188825222955
        ],
        "status": 0
    },
    "d8476546-efff-435a-b67f-3f16c537734d": {
        "cur_loc": [
            0.3373442241348873,
            0.056057359270107354
        ],
        "status": 0
    },
    "9fa54cfb-1d55-4300-98fe-d4c5f46bdc94": {
        "cur_loc": [
            0.2666414697865882,
            0.07732359004078615
        ],
        "status": 0
    },
    "05d12b24-3500-456b-83fb-2b89f565aec8": {
        "cur_loc": [
            0.24058026823050183,
            0.12916979165386377
        ],
        "status": 0
    },
    "8b23084a-05b4-4b44-9373-f1bedd7878d2": {
        "cur_loc": [
            0.5550945769926486,
            0.9808793903441583
        ],
        "status": 0
    },
    "feadbd27-3a6a-4d2a-8f23-ebb4d6274c4b": {
        "cur_loc": [
            0.5305641099240712,
            0.7824483641650695
        ],
        "status": 0
    },
    "39b4523c-38b4-4d2d-b45d-e97e90067bb0": {
        "cur_loc": [
            0.6938475447004783,
            0.5085932355318983
        ],
        "status": 0
    },
    "cd14d2ab-e355-4400-9d3e-c635286173c7": {
        "cur_loc": [
            0.5108948721061027,
            0.7003740597615417
        ],
        "status": 0
    },
    "ed4bcdde-850e-4e48-a39a-2882535872cd": {
        "cur_loc": [
            0.3575918111235895,
            0.8401015486605965
        ],
        "status": 0
    },
    "46ca5b77-f040-4bc7-ad39-dcf0cdc7cb0b": {
        "cur_loc": [
            0.11618119731165444,
            0.2991394198226338
        ],
        "status": 0
    },
    "d5b2f363-cb49-4489-be64-1999b242beb1": {
        "cur_loc": [
            0.43647598037355306,
            0.4371005224443367
        ],
        "status": 0
    },
    "83b5f0c8-04b8-43cb-80a0-0c2a37bd2011": {
        "cur_loc": [
            0.11251808167463195,
            0.5237478029253425
        ],
        "status": 0
    },
    "53987a2d-c7d9-4fde-851e-241cd5be1958": {
        "cur_loc": [
            0.16726066804919937,
            0.11905591022798068
        ],
        "status": 0
    },
    "f647f8e8-1d89-42eb-adac-2bb286525c3f": {
        "cur_loc": [
            0.19192344152382224,
            0.042237947808980936
        ],
        "status": 0
    },
    "37ad0f2d-2355-4525-98eb-31395cc084b5": {
        "cur_loc": [
            0.48987230693428674,
            0.15167450640138203
        ],
        "status": 0
    },
    "47ccc77e-bccd-4afe-b4aa-200502d9de1f": {
        "cur_loc": [
            0.6117227094859382,
            0.9253901551533184
        ],
        "status": 0
    },
    "746acc29-34db-4fee-9dce-5087254ac693": {
        "cur_loc": [
            0.182414324145738,
            0.021834834674334447
        ],
        "status": 0
    },
    "9472bfc7-7428-4b74-9acb-00e9177c4cce": {
        "cur_loc": [
            0.6039090012450448,
            0.7353101260298841
        ],
        "status": 0
    },
    "44be95d8-7dbe-4192-a148-7f6db329794d": {
        "cur_loc": [
            0.7434374041159599,
            0.3573207025289935
        ],
        "status": 0
    },
    "b7fa72c4-49e5-461c-b576-a448903b632c": {
        "cur_loc": [
            0.858916897016726,
            0.122450642521857
        ],
        "status": 0
    },
    "4ce6d582-c51f-4286-88a3-ba8e44a26d13": {
        "cur_loc": [
            0.16295431937547,
            0.13523531929999266
        ],
        "status": 0
    },
    "7ed753b6-aecb-4412-96df-b4382bf89285": {
        "cur_loc": [
            0.9154862200398854,
            0.28756769471435684
        ],
        "status": 0
    },